id,latitud,longitud
3589,51.5240008,-0.1051069
3553,-34.8778664,138.5854825
3630,41.3966121,2.1944236
1455,51.5561389,-0.1362975
3643,39.5849207946,19.889588356
2545,-33.418812,-70.61807
3502,41.3841681,2.1591831
3888,41.3840659,2.159354
3960,41.374877,2.158644
3820,41.396867,2.194351
3413,50.8388058,4.374397
2541,51.5,-0.15
3790,41.3842517,2.1589532
1060,39.0674567,-77.082438
3695,39.140098,-96.6745146
3079,50.9354836,-0.1808379
4200,51.2685701,1.0936676
3528,-23.6062335,-46.6616283
2540,51.5073509,-0.1277583
3632,44.419244,26.0945155
3436,47.4898329642,-0.523223876953
3509,41.3841838,2.1591416
3611,40.5704146095,19.5199584961
3351,32.8131407,-117.2043712
1527,45.7039207637,13.7198797923
3453,51.433169841,0.104595422745
2118,40.452165,-3.726103
3484,55.6075039,13.0099583
3437,51.5239460432,-0.105322541307
1799,48.8353101786,2.38533139229
3429,-33.4321724,-70.6580268
3494,51.0643645653,3.72410774231
3209,51.0372382683,-114.083297253
3736,-32.5097617359,-71.1584472656
3814,41.3966908,2.1943796
1966,52.09161,5.05292
889,49.0145423,12.1008559
4238,45.5837331,-73.6301905
3452,51.5236710728,-0.106043815613
3653,9.91377153047,-84.037733674
3639,55.6824748,12.593159
2045,40.4530764431,-3.72623205185
3920,41.3971392,2.2013151
3192,41.4064387,2.1943639
2388,28.5532118,77.1744823
3470,42.2707038126,3.33572387695
109,41.41608,2.15765
2705,51.1097934772,17.0312654972
892,-23.561399,-46.730789
3634,55.6824742,12.593208
3483,55.6075702,13.0099124
3334,41.3965608,2.1944249
981,53.4870548437,-2.23971445747
3059,-33.3727030903,-70.5804848671
3701,39.1836082,-96.5716694
3545,55.6850003283,12.5930678844
3637,55.6824931,12.5931353
1824,41.4552232587,2.25030899048
1669,50.8386290539,-0.113423732918
3508,41.3902035341,2.16809391975
2046,19.3437444,-99.1561883
3849,41.3965397155,2.15312720111
3583,41.3965692,2.1945103
425,43.2882003,-2.8568317
3566,55.7423752,37.6096012
3543,41.3897113,2.1129607
3498,46.0098431217,8.95590662956
2389,41.4108701615,2.15087413788
3867,41.3827658034,2.1814379096
3713,54.9850395,-1.6076633
3845,41.4009066,2.1490478
1354,50.8924597924,5.97113907337
3674,52.3747083994,4.86723303795
3586,51.5239447629,-0.105021893978
1373,25.1882142456,55.2974939346
3651,55.6825037,12.5930592
4079,51.451506,5.4822485
4067,41.3768417,2.1906698
4004,41.406312,2.152591
3559,51.2123777,-0.3311374
678,41.4533764,-93.7992447
3607,43.6700445811,-79.3833231926
1963,41.3967077,2.1943137
3565,41.3965877,2.1944993
1939,50.0358220655,36.3488674164
4037,41.396867,2.194351
1293,41.3897351381,2.1130065184
3598,51.5239752,-0.1050718
3821,41.396867,2.194351
3635,55.6817704034,12.5937652588
3638,55.6824669,12.5931143
3740,45.7849682,4.7649036
3613,40.5808454144,19.4990158081
3457,41.3980493,2.1950796
1320,37.7790593782,-122.398933961
3652,55.6825297,12.5930949
3571,55.7423709,37.6096249
3668,38.340158325,-76.4376568794
3880,41.4019328934,2.12187270956
41,41.40842,2.19994
3592,51.5239978,-0.1050985
2053,40.4530335822,-3.7263661623
3385,52.5277493737,13.4024190903
1290,38.6446264,-121.2721718
3599,51.5239928,-0.1050999
3594,51.5239947,-0.1050568
4210,-21.2816967013,55.5551147461
2581,47.3809335,-122.2348431
3698,51.4515148,5.4822813
3588,51.5239347498,-0.105075538158
4251,45.7849762,4.7648919
3301,41.3862036,2.175894
2560,51.634294453,4.88664150238
3573,55.7423523,37.6097451
2574,58.3776252,26.7290063
4160,51.2443753491,-0.59042930603
3515,46.4605507646,6.84986829758
3584,55.7423821,37.6096334
3395,32.8839299925,-117.242907286
3595,51.5239792,-0.1050666
4019,41.3828577,2.1816352
3753,41.0501517,-73.7036545
3731,52.3728054,4.9003694
3739,45.7849814,4.7649245
3748,52.372878,4.900368
3412,50.8389493,4.3744098
1319,45.7518003345,6.28354668617
3822,41.3966188935,2.19444420881
3648,55.6825093,12.5930409
3514,46.4590171935,6.84974491596
2380,37.4449168,127.1388684
1994,53.4051316138,-2.97039091587
3645,11.0032712,-74.8258159
3681,44.6903185291,10.5592775345
3318,41.3965669,2.1944952
3799,41.3961094967,2.20042989356
3434,54.9926837675,-1.56945705414
3585,51.5240782696,-0.104734897614
3644,39.6108648,19.9199253
3622,46.2536509461,6.07440948486
3590,51.5239414252,-0.105054080486
1651,55.88431,-4.280606
3939,42.506285,1.521801
1077,53.855143383,-0.433560311794
3659,-33.4371625636,-70.6432163715
3517,31.0953957,121.4833618
3525,-33.4112439079,-70.5792510509
2339,37.7870067,-122.4039218
1870,40.45214,-3.72774
3316,59.3479684,26.3602769
3636,55.6824773,12.5931647
3482,51.050386,3.7221545
4052,41.4021366534,2.12185090656
3676,35.7521894294,51.3685727119
3371,32.7140053006,-117.151347399
4185,50.1234453,8.6892978
3036,35.921243,14.48134
3769,41.396726947,2.19468533993
3096,57.1633828464,-2.09815263748
4104,-23.6388630533,-70.394320786
777,41.2888356263,2.09371089935
1070,51.475315613,-1.44632220268
691,37.3860517,-122.0838511
3631,42.3694464,-71.0786989
3823,41.396867,2.194351
3667,51.2433596,-0.5931944
3110,53.0763158591,158.653736115
3672,39.4999346207,19.8585176468
3546,41.3891732499,2.17097997665
2107,40.4365689003,-3.67619276047
4271,41.4018195788,2.15644936465
3714,52.0490503,6.1125612
594,47.7047222,-117.08
2622,53.4626569249,-2.23830342293
3770,41.3965378134,2.19478726387
3671,56.1720509,10.1892143
4070,51.5965336,-0.1469141
3678,53.2498736,10.402798
4201,51.451524,5.4822508
3176,-33.4488276859,-70.6263613701
3691,48.868879,2.395291
3669,56.1720539,10.1892761
1000008,41.3964814757,2.19054937363
3721,-0.2157585,-78.433023
4109,-23.6426959,-70.3904805
2368,46.636654,16.039174
3355,52.5374542156,13.3840588666
2363,-36.7944534,174.6584473
3051,40.4529264,-3.7260029
3909,41.3843292,2.1116123
3397,54.992523739,-1.56980037689
4127,41.3768907,2.1905232
3813,42.167019,-76.8205119
3700,48.1009294198,-1.73115670681
3737,41.3669859825,2.1844124794
3369,55.8483886,-4.5308423
3744,45.7849662,4.7649067
3743,45.7849417,4.7649439
3557,55.866877537,-4.27019476891
4211,-21.1405485823,55.4764080048
3812,-33.4490861,-70.6279059
2474,51.5280098683,-0.0765985250473
3190,18.2796845087,-65.8635628223
4151,-20.9045024,55.4811652
4069,41.4140429,2.1695595
1918,53.0061461754,5.59255599976
3683,-33.4381831,-70.6424804
3794,41.3966908,2.1943796
1102,42.6352219227,-71.4904264688
3795,41.3965576,2.194592
2459,41.396691,2.19438
3675,-33.4395037711,-70.6424975395
3685,-33.4382678,-70.6411604
3752,51.451648,6.0108442
3292,41.3965983,2.1942996
3510,41.3955639682,2.19606399536
3081,51.5014227,-0.1788947
3394,3.4508339,-76.5112911
4126,41.3843292,2.1116123
3935,39.6231032,19.9151802
4172,38.9286554,-96.0575399
4129,41.3827775,2.1843499
3398,54.992523739,-1.56877040863
3529,50.432954,-3.5889243
3929,41.4007662259,2.16501263547
3431,-23.3609764,150.5046955
4208,-21.053424089,55.2291297913
3597,51.5239609,-0.1050825
4215,-21.281482,55.517959
4202,3.44940242852,-76.5005278587
1812,-41.300222,174.77614
201,43.38565,-2.7012
1984,41.49932,-81.6943605
4032,41.3966063,2.1944855
3746,51.5061505,-2.5656118
1982,41.49932,-81.6943605
4086,41.3912179,2.1508923
3925,41.3843292,2.1116123
1504,33.7489954,-84.3879824
4209,-21.0374029999,55.3577041626
4063,41.3861977,2.1412037
4217,-21.20813,55.562431
1345,45.197616,5.73213
2002,40.8126006,-73.999028
4235,-22.5666359,17.0751657
3715,43.379382062,-8.07550907135
3878,41.396867,2.194351
673,25.6828018,-100.3608681
2467,50.9355117151,-1.39361143112
4140,-23.7015740747,-70.4202523828
1730,-34.5078668149,-58.4806108475
4133,41.3803330133,2.14945658605
3511,43.3117751534,-1.89916491508
3877,41.382487,2.158891
4266,41.3965731,2.1944896
4044,41.398889,2.150556
3496,51.0669670989,3.72316360474
3767,52.4035447352,4.94248509407
3986,41.405398,2.167446
3758,49.3314989111,-123.146524429
4246,52.130902,5.0209017
1911,-31.9546337542,115.853362083
3970,41.403403,2.138405
3399,-41.3001772684,174.776773453
835,53.4675876927,-2.67616868019
3107,44.4267674,26.1025384
3130,54.9891617,-1.685734
3208,19.3251762741,-99.1760838032
3730,55.6708705,12.577217
4136,41.3803466,2.1911444
4183,42.6622413763,21.1632567644
3591,51.5239759,-0.1050761
1424,41.3850639,2.1734035
4161,51.2434887953,-0.592768192291
1170,51.231332,-0.664094
4252,45.7849866,4.7648686
2177,29.7604267,-95.3698028
4213,-20.9928553217,55.591506958
3969,41.3940552068,2.14899683992
3793,52.372878,4.900368
3302,41.3965519,2.194564
262,51.5231,
3990,41.392608,2.178205
4192,-20.9548470874,55.6497216225
4080,41.4140429,2.1695595
399,41.386278,2.195389
1164,41.652251,-4.7245321
3766,52.2939136564,4.98673081398
3516,43.0464950929,-3.00457566977
4125,41.4140429,2.1695595
3421,41.3965858,2.1944974
2418,45.8150108,15.981919
3587,51.5239672,-0.1050995
2382,49.901949,10.892948
3773,41.1522428487,-81.3544464111
3163,51.0274683719,3.72436523438
3609,43.8509323,18.4022602
3443,50.868378142,4.37358856201
1543,52.2254299,4.9261647
2304,-0.209759005239,-78.5025340319
3614,40.5388515254,19.6208953857
588,37.793014,-122.416113
2531,-20.9318611441,55.6211185455
4282,41.4016211,2.156609
3980,41.392569,2.164246
3615,40.5857994771,19.4947242737
2260,45.4736142978,9.1154229641
1713,52.4198403224,4.6364235878
3117,41.3987590917,2.19635048881
1385,53.479324,-2.2484851
4262,41.3989019,2.1557512
4106,-23.6323908,-70.3796946
611,40.8259007,-74.2090053
2384,53.76307,-2.710262
3738,45.7849734,4.7649002
4168,39.140098,-96.6745146
3216,35.8792701,14.5329974
4212,-21.1587998056,55.4431915283
3499,51.9693133236,7.59569406509
503,47.1713077,9.8010529
3966,41.3963688,2.15786481276
4025,41.4005730802,2.16477660108
4186,39.1836082,-96.5716694
4221,-21.105929,55.295174
4177,51.7590150845,-1.25267744064
3596,51.5239746,-0.1050776
4248,52.130902,5.0209017
4014,51.4514899,5.4822085
2392,2.441304,-76.605721
4188,54.9801369,-1.6097067
3223,31.2813383259,121.504969597
251,36.711968,-4.431835
4167,25.6888021,-100.3564466
344,53.406754,-2.158843
4110,52.4732404,-1.9181701
3663,-23.7023354228,-70.4207807779
4207,-20.9324924529,55.5840289593
1131,22.2641074288,114.0018332
4231,43.3165526306,-1.97519481182
3996,41.390629,2.143816
1405,55.8724446067,-4.28562839218
4239,40.4430605409,-3.81626844406
4214,-21.3445456953,55.5661010742
4166,-33.4182216,-70.6004973
4229,51.5052699868,-0.0839638710022
4162,-20.9043276,55.4811953
4008,41.40279,2.158167
3037,39.625383329,19.9244517088
3933,39.5852467,19.8831395
4169,39.1836082,-96.5716694
3961,41.374898,2.156256
3745,54.9801201,-1.6097249
3618,41.3745097,2.1006779
1387,43.386047443,-80.3979869623
1729,-34.5049757315,-58.478872776
3287,-23.7282235265,-70.4308497906
1261,53.4762023876,-2.23867893219
4205,45.7849966,4.7649091
4280,41.4016211,2.156609
1701,38.354282,-81.626305
3756,52.4030996307,4.93775367737
4206,45.7849846,4.764852
1919,52.0884196513,5.10632514954
212,38.46739,-0.79329
4247,52.130902,5.0209017
3103,51.5239969,-0.1050028
2451,49.0068901,8.4036527
4135,-23.6564784,-70.4024431
3934,41.3798677559,2.15035915375
3764,52.369369909,4.86207515001
2676,44.6488625,-63.5753196
2440,50.948328,5.308196
2589,59.4369608,24.7535746
3097,57.1645463603,-2.10682153702
3705,41.448323734,2.14181900024
774,12.8422097073,77.6647190314
2674,56.154523,-3.946367
1834,41.3985880721,2.1815854311
3989,41.40395,2.155995
1243,-22.9133954,-43.2007101
3523,49.448837,11.0722387
1475,50.70369,4.52328
3264,-25.9123501974,28.221988678
1692,38.0633944368,-122.521419525
2394,-7.09519673125,-34.8362088203
1537,42.6127916,20.8529128
3220,35.8792899,14.5329492
1408,55.8749666014,-4.29098354541
3168,41.3987228759,2.19576358795
2043,40.4530784841,-3.72617840767
120,41.45347,1.701727
364,41.386269,2.195393
2149,8.5934,-71.14695
3325,41.4332033288,2.19133257866
2478,37.297689,126.834465
837,47.0691126375,15.450355218
2383,40.7328889,-73.9545039
1601,39.6460646795,19.8555732107
2579,47.3809335,-122.2348431
4157,-20.9107558599,55.4995232821
2543,13.938993,100.55292
869,51.456233,-0.309226
579,51.5268021,-0.1298694
3028,42.6619415719,21.16574049
2681,51.0258761,4.4775362
4103,-23.6543741,-70.3932134
3053,43.7026058,-79.5490934
57,41.48567,2.03993
1415,41.402498,2.188144
3119,57.2967384371,-2.03298568726
2523,38.423734,27.142826
3296,48.1910288448,16.3608415977
3072,-13.5174479,-71.9654762
3670,56.1720612,10.1892557
2080,51.5073509,-0.1277583
3219,51.0653489605,-114.088447094
3623,52.3729529915,4.90097522736
863,52.7062431397,-8.90287399292
1754,13.6929403,-89.2181911
3015,51.5044772,-0.082161
3330,48.8421616,2.2927665
2571,46.0483281558,11.1278790236
3167,39.6231438356,19.9238777161
3536,51.9707245061,4.92230415344
1423,41.3850639,2.1734035
2401,52.117848,1.186472
2115,42.6218336489,-71.2905406952
3326,54.9763117,-1.8150436
2197,48.052634,14.438429
174,50.888691,5.980914
2611,17.360504,78.374514
227,-34.92125,-57.9543333
3019,-23.6457428853,-70.3956055641
3341,51.3522727207,12.4296569824
2137,57.705284,11.937427
3055,52.4922149,13.3008554
2150,13.026399,77.65585
1470,41.396708,2.194314
3221,35.8792879,14.5330207
1078,52.392929,4.8790628
2427,53.7559409,-0.3403217
3217,53.501842,-2.2386882
718,38.9072309,-77.0364641
553,51.5112139,-0.1198244
114,41.3795,2.17016
3090,51.4567885,-0.0052572
1815,51.5240465618,-0.134086310863
3289,41.3966678388,2.19415208415
2534,54.9866786,-1.6791934
3300,28.4275789,77.0531908
2432,59.4846688,24.8478953
1028,52.3757688,4.8374326
2272,41.3941202,2.1974962
1906,37.3892712447,126.635885239
2353,52.3661567,4.9052791
2438,53.4404509,-2.2858977
1869,53.522079,-2.410266
2044,40.4530539922,-3.72672557831
2219,35.9798734,-78.5097228
736,-32.7620986,151.7431641
1194,30.04841,31.236199
1985,41.49932,-81.6943605
1360,42.7145797355,21.1464852427
849,41.2230427157,1.73303534895
1775,37.3839118,126.6438546
3291,41.3965938,2.1943896
2511,47.68248,13.10037
2051,40.4530682791,-3.72666925192
1366,42.6192593,21.1831534
2458,12.9715987,77.5945627
962,52.3538338,4.9068766
3123,48.8176137,2.2510491
2236,41.3865491,2.180785
61,41.40255,2.17932
156,43.37405,-5.85623
3125,51.5415982,-0.1747094
2110,40.406953,-3.691251
2058,-33.4843354,-70.6216794
4195,41.4504467429,2.13412642479
3923,41.4058309,2.1826377
1381,39.572440897,19.8717407446
2052,40.4530213362,-3.72647881508
2106,40.3515155,18.1750161
3853,41.3939542747,2.16621637344
1279,53.479324,-2.2484851
2713,37.566535,126.9779692
1625,37.566535,126.9779692
2485,42.8591656,-2.6817918
3038,39.6119700771,19.9214878678
549,41.4087876944,2.19939810963
2250,14.613333,-90.535278
627,34.1477849,-118.1445155
2119,40.452165,-3.726103
2089,51.5073509,-0.1277583
3007,51.6359059408,5.30150413513
1108,55.7018033,12.5438632
2253,48.692054,6.184417
1933,40.4514211768,-3.73101711273
1367,42.6577982,21.1533456
2376,42.8638933,13.5899733
1091,19.1272067075,72.8306002862
1287,51.47407,-0.037008
440,45.5068740354,9.22861315001
2121,40.452165,-3.726103
47,41.35979,2.06174
4043,41.373678,2.1562834
2365,53.3891788,-2.9067741
1498,52.132633,5.291266
2054,40.4529560244,-3.72625350952
1958,51.5015709,0.00553149999996
2575,-0.0332741,-78.4531086
483,41.3850477,2.1733131
2314,2.441304,-76.605721
3376,32.8849571012,-117.243390083
3142,54.9683376,-1.5965875
1912,51.5181067969,-1.73081338406
507,40.65,-73.95
1374,25.1871462861,55.2986741066
1061,34.1440682062,-118.120585277
2448,17.4732392863,78.3105039597
4147,45.5155196,-73.6788123
1988,43.296482,5.36978
2011,48.2392,16.38497
1621,60.216861,24.817581
48,41.3743126,2.1590234
1397,-27.1743773,-51.5054475
1052,52.0747241227,5.12858192734
1159,41.3164856,-73.0931641
3027,42.6515106334,21.1691308022
206,43.321662,-1.984993
914,37.3393857,-121.8949555
537,44.961734,-93.2373439
349,42.04968,2.92202
3146,42.3611283919,-71.086628437
1384,35.4437078,139.6380256
1328,1.334844,103.963907
2593,43.580418,7.125102
139,39.46449,-0.45883
1336,55.8741348754,-4.29149018969
980,53.4869119814,-2.23970705897
2494,51.5613682,-0.0940425
856,-21.1269801,55.2690453
3433,52.4982005001,13.4487299414
1406,55.8751170732,-4.29112155624
1352,45.192144,5.726823
3089,51.45679,-0.0052258
1699,45.6495264,13.7768182
1284,51.4469312397,5.47185845767
3029,43.702898,-79.5598374
2447,52.6659141731,-8.62375259399
89,43.35968,-5.85982
2212,53.5221200259,-2.41052269936
1548,52.3429896,4.8959013
1259,53.4832212559,-2.23463971802
808,-37.8142155,144.9632307
2491,41.3850639,2.1734035
1959,22.5872081417,113.941848278
2126,51.518305,-0.1307146
1618,52.6724249,0.88539
667,41.3870755,2.1383912
3411,50.8388784,4.3744621
1040,37.7749295,-122.4194155
3181,50.1253912,8.7059679
2515,57.16616,-2.09835
1462,60.2254064,24.9630293
1981,40.7607793,-111.8910474
2120,40.452165,-3.726103
2086,43.610769,3.876716
1685,50.8513682,5.6909725
1000,33.818323,-118.144566
1991,40.4389813,-3.7299741
2064,41.49932,-81.6943605
2586,51.198755,4.4719287
2056,40.4430278801,-3.72814178467
2430,51.5383271,-0.0232652
29,41.3774,2.14983
1491,39.358155,16.225542
3031,42.6629138,21.1655028
1636,44.816667,20.466667
1703,60.2,29.7
827,52.5606496,13.3717566
739,46.255554,-63.138154
1777,37.3839118,126.6438546
1476,51.5124046,-0.3395571
2293,65.0126148,25.4714526
1167,59.4491641,18.1209414
135,40.43964,-3.66296
2704,40.5589672,-3.6261976
922,39.26824377,-76.6096193039
2711,-23.7273100895,-70.4379415512
518,41.1595005,-81.4403898
728,51.1373248,6.909571
2082,50.352627392,4.8919185
2439,51.4819174198,-3.15539360046
63,41.40369,2.19486
1857,51.5138105,0.0583177
2230,51.2248336231,4.4115793705
2307,39.9194316,116.4779215
761,35.1062981402,-80.7955764986
1085,-37.8142155,144.9632307
1858,41.3985458201,2.18166589737
1545,52.2413333,4.8387834
1250,53.4611057047,-2.24923980229
816,35.6849068,139.7619449
605,42.1969689,-88.0934108
1168,47.3968622,8.0440969
1741,50.8821,5.9872
495,37.3393857,-121.8949555
1647,51.5135872,7.4652981
280,60.16564,24.93318
359,41.386295,2.195382
796,13.7056836,100.6010502
1689,37.566535,126.9779692
3,41.36931,2.118
1761,39.1529768626,-77.2663983321
1469,48.1069114,-1.6641286
1540,52.241,4.8387834
2287,52.0907374,5.1214201
1262,53.474046,-2.241993
368,41.386185,2.195505
1558,45.3493053,19.2171283
2030,43.5112627,16.469167
2514,51.49118,7.50134
860,51.7242901137,5.30086557678
375,41.386188,2.19551
230,49.5676807,5.9125481
2296,65.0126148,25.4714526
1409,55.8749377506,-4.29136831947
127,42.370785,1.776584
663,34.1477849,-118.1445155
2668,51.0933078262,3.98627758026
2468,-22.5921510927,17.0813423395
464,40.39108,-3.69844
674,29.7030111,-96.7805333
2338,2.33845135228,-76.4973735809
2308,39.9176362137,116.391220093
142,41.36947,2.14439
333,41.40865,2.19962
1376,45.6669011,12.243039
35,42.04853,2.91927
620,37.566535,126.9779692
2071,51.5073509,-0.1277583
1466,45.5537964,12.2342958
122,41.399653,2.182812
3025,43.7028574,-79.5598185
356,41.386291,2.195374
67,41.609741,2.286803
210,42.226153858,-8.7359815836
2278,51.5073509,-0.1277583
1616,-8.82111778713,115.152581142
1715,40.7222403736,-73.9926946163
193,38.71833,-9.12775
823,60.1855518635,25.0315223198
1137,41.6723994,2.3999799
345,53.328429,-3.09873
1407,55.8750629034,-4.29091770836
1082,55.8789558,9.919819
1412,41.3850639,2.1734035
1956,51.2877687131,-2.58088588715
1894,52.098522,5.124865
282,41.63915,2.36159
1778,37.3393857,-121.8949555
613,48.847647,2.208115
501,26.9297836,-82.0453664
2310,39.916802,116.470609
481,10.6643,-61.52368
544,39.749186,-104.996424
824,49.5988220048,11.0153520794
2133,45.197616,5.73213
645,45.5086699,-73.5539925
2610,52.5143815,4.9640611
948,52.3425304,4.9233203
1420,41.3850639,2.1734035
695,39.5150576,-84.3982763
2078,51.5368569,-0.0980658999999
2073,51.5073509,-0.1277583
1429,42.1299460625,24.7376489639
534,39.7047095,-105.0813734
2509,51.5073509,-0.1277583
327,41.36583,2.09054
2445,54.199422,-1.109701
724,30.282442,-97.700722
1253,53.474145029,-2.24172074982
631,51.9539088,5.8129915
2210,53.5220689985,-2.41053342819
2213,53.4928712294,-2.33424603939
2245,26.9124336,75.7872709
1282,41.3966006491,2.19441692642
2134,59.4345067,24.5607233
2434,59.4098337,24.7423471
1388,-1.4557549,-48.4901799
1584,45.4319105,7.8037202
2381,47.911426,16.3881078
2460,41.396691,2.19438
1619,51.516468,0.0101050000001
1333,25.286667,51.533333
2578,51.978162,1.016404
2557,43.788034,11.226915
1344,55.8740619392,-4.29157301646
1714,40.7223222489,-73.9930345102
2366,44.493768,11.397914
2141,52.3630349369,4.80150818825
1555,42.707503,21.0398268
1316,35.0841882363,-80.7441312075
1938,45.3640755046,7.2225022316
1257,53.4878622,-2.2391707
2402,51.23622,-0.570409
1854,40.452165,-3.726103
56,41.38868,2.17689
1697,40.4167754,-3.7037902
2076,51.5073509,-0.1277583
2479,41.4046579878,2.19160079956
1241,43.1978624,-70.8736698
1224,44.4466254,9.1456153
132,39.641923,-4.089991
1338,50.8881742,5.9794988
2347,2.45349254119,-76.5884399414
720,20.6853681728,-103.375790119
2189,28.629865,77.081775
1567,45.3935681,19.2275333
1684,42.3628741,-71.0900971
1760,1.2800945,103.8509491
1881,26.0496888468,119.262084961
2393,2.441304,-76.605721
2112,40.3468454,-3.8278443
31,41.37707,2.15947
1390,45.5346423,-73.7019577
1690,51.280233,1.0789089
1404,55.8711354679,-4.28848940738
1391,51.546056,-0.134652
983,53.4870293089,-2.24000413605
813,44.5791658365,1.30632698536
131,41.797375,2.222227
58,41.98265,2.17449
1418,41.3850639,2.1734035
1413,41.3850639,2.1734035
376,41.382279,2.184118
112,41.43565,2.18525
380,41.386242,2.19537
2686,45.4961595,-73.561779
2055,40.4529458,-3.7259973
1471,12.35,-1.516667
499,42.72028,-71.60511
2300,65.0126148,25.4714526
2689,36.8195746796,10.1386427879
1500,52.2415555,4.83878340001
188,38.747841,-9.153443
2400,51.5473039,-0.142005
3180,50.1254062,8.7060317
633,36.3504119,127.3845475
2566,45.0685848,7.6877497
2469,53.76307,-2.710262
731,44.9974955,9.7923029
866,10.3657492,-61.3975892
1507,48.8210995,2.3349383
762,-37.786461,144.83194
756,-35.4665042,149.0893398
1609,42.66294,21.16092
1410,41.3850639,2.1734035
95,41.3776534467,2.15044918518
1079,45.5091328,9.2284638
28,41.614417,2.0110604
153,41.378067,2.178944
38,41.398383,2.147312
1519,42.7099613247,21.0418276053
1668,51.57006,6.72243
1141,-33.8646914,151.0436262
2517,13.938993,100.55292
1550,51.3140004,4.4324004
1234,45.3104932973,11.9550733495
1260,53.4659999,-2.2366083
2529,49.020123,8.422612
1195,30.056767,31.246976
1236,35.0440604642,-106.519763066
949,52.3867032,4.9010589
2261,41.3945442,2.1978701
1356,-37.8573447,145.1829212
2431,43.2204714,-2.7330533
1411,41.402498,2.188144
1422,41.402498,2.188144
2520,44.9560133,9.6360703
177,41.46626,2.06677
182,41.38966,2.21525
1612,39.5807452,-104.8771726
1565,42.6757754,21.1794186
1635,42.64786,21.16188
1672,7.400394,3.901374
2309,39.6395375644,113.5546875
190,38.71244,-9.1511
705,48.804689,2.289387
366,12.9332884433,77.6951562669
666,41.3978721,2.1610594
1843,47.507554,19.062441
897,47.5849335819,-122.33312328
1898,45.775491,12.0439904
1980,53.4658261,-2.2298853
1704,33.0151201,-96.5388789
1226,19.5562275,-99.2674713
1737,50.8881742,5.9794988
2074,52.772099,-1.206166
1403,55.8742984994,-4.29291327187
1755,41.4206961728,2.20225185156
982,53.4867739598,-2.23991830536
1929,41.4018252969,2.15382456779
2358,-33.8717985307,151.195684969
693,45.8802909,-72.4842824
1764,51.422841,-2.582211
776,47.40993,15.26861
2407,2.441304,-76.605721
281,60.162448,24.927555
65,48.156878,11.61
186,38.74917,-9.15361
2408,2.441304,-76.605721
2124,45.2833267,9.2966853
1230,43.7052667748,-79.3982418317
1421,42.658308,21.155237
1864,41.3985578921,2.18159347773
2153,42.3875968,-71.0994968
2472,53.53157,10.12734
958,52.3633749,4.8693692
1949,53.311547,-6.236402
411,41.43732,2.18578
128,40.6077,-3.71766
1905,37.3541767518,126.924523115
1473,40.9253764,-73.0473284
1499,12.9279232,77.6271078
2195,41.4029632,2.1932435
1978,48.1533965267,17.0737999678
874,63.4265843,10.3569167
2035,48.228136,16.400101
630,34.1477849,-118.1445155
1427,41.402498,2.188144
2209,34.2257255,-77.9447102
1365,9.9280694,-84.0907246
1327,51.508515,-0.1254872
699,37.7749295,-122.4194155
2070,51.8968917,-8.4863157
2497,28.547292,77.273201
1425,41.3850639,2.1734035
1209,-21.240637,55.334205
2075,51.5073509,-0.1277583
514,30.02258,-95.62225
1349,43.7615377,-79.4110794
1050,-34.5921077,-58.385191
379,43.64152,7.009186
1350,1.346043,103.958444
94,41.385064,2.173403
2216,53.4870449019,-2.2594794631
593,30.267153,-97.7430608
1342,55.8747619588,-4.29144342133
2510,42.6629138,21.1655028
530,59.3293235,18.0685808
435,40.30825,-3.732393
1474,40.9253764,-73.0473284
2483,51.5347584,-0.9005607
2561,33.2362278,-96.80111
2542,13.870906,100.551245
2533,51.8721635,0.1536502
685,40.8938339,-111.9018828
2091,52.0115769,4.3570677
1521,42.657134,21.170625
2377,51.5398993861,7.56062418222
1357,42.5813722,20.88935
64,41.45019,2.13306
2436,45.6370555,25.5776171
1679,51.520409009,-0.129349904917
1664,38.9015411,-77.0510595
2258,40.4060293692,-3.70000004768
195,38.69756,-9.199663
1852,41.3985679521,2.1816149354
92,41.48325,2.2637
1986,41.49932,-81.6943605
1265,-7.0837873434,-34.8403340275
1802,50.8631365,4.683451
2417,47.408907,8.508282
539,37.5202145,-122.2758008
2482,37.5394428,127.0542534
2084,54.978252,-1.61778
589,37.8043637,-122.2711137
66,41.38335,2.18329
222,41.38185,2.16447
1847,41.3985558801,2.18162834644
769,50.8881742,5.9794988
1904,37.5130619428,127.059727907
1266,53.4711695118,-2.29455947593
821,51.4996843,-0.0868834
730,51.665356,-0.694285
113,41.37533,2.15293
1502,59.3960912,24.6593533
1264,53.470123,-2.238515
1039,38.3217848999,-122.625140539
887,33.8847361,-118.4109089
170,40.410676,-3.693607
1688,55.8383358,-4.3070715
194,38.70842,-9.17049
202,48.1843,11.51906
1311,45.515163,-122.6437236
339,41.8343,12.473442
365,41.386205,2.195368
363,41.386319,2.195388
374,41.386198,2.195518
1728,-34.5045203988,-58.4758633375
370,38.725299,-9.150036
373,41.386481,2.195721
443,40.29288,-3.74222
476,51.16792,-1.76285
427,43.2882003,-2.8568317
1062,55.8562424381,9.81660498552
496,32.23357,-110.76313
479,41.4178276,2.1600215
500,33.067161,-96.702102
517,31.7838322,-106.4500219
573,37.5352359,-77.4338583
625,52.3781227,4.6291324
606,41.3850639,2.1734035
609,39.737567,-104.9847179
690,41.5865422,1.5830164
213,42.54525,-6.61062
2568,51.2194475,4.4024643
800,47.4495469,8.327459
732,35.887383,-106.276914
2422,50.8503396,4.3517103
815,25.7889689,-80.2264393
772,1.2800945,103.8509491
830,43.619399,6.551421
811,52.0366110339,4.62972612905
1281,41.4029677,2.1942542
859,43.1588734,13.7200884
940,52.3536785,4.8059839
1001,52.349614,4.923775
1536,52.2414444,4.8387834
1007,52.073846705,5.12082777046
1003,60.5264379363,8.23153297714
1064,51.3781292897,-0.0863083142853
1033,55.637751,37.529245
1652,53.4822115,-2.2339745
54,41.37527,2.15395
1525,42.664498,21.1535565
362,41.386295,2.195382
1383,25.227185,55.288806
1810,52.3988909,4.9384924
1401,57.1665607169,-2.11782270753
1154,46.005068,8.947327
1460,19.0759837,72.8776559
1464,42.0462893,2.9126022
358,41.386306,2.195383
1570,45.4021346,19.2968524
1542,52.2411111,4.8387834
532,37.9104805,-122.2802471
288,42.87556,-8.54176
888,51.523409446,-0.0841303605652
1010,52.4468423942,13.3004466753
1752,45.5719112406,8.059040308
1821,43.2963,-2.8687171
1811,1.379977,103.848772
1865,1.379977,103.848772
2291,65.0126148,25.4714526
2061,41.396708,2.194314
2196,43.6847176,-79.3928992
2252,46.0065117,8.9523121
2313,2.441304,-76.605721
707,47.9791247,9.6471482
784,55.650478,12.54289
1431,45.4765446,-75.7012723
2398,51.39401,-0.302662
2395,2.441304,-76.605721
1513,51.4975766624,-0.180759625131
976,-37.763542,144.943924
88,38.159527,-0.802028
1913,63.6770330801,22.6760494709
2475,-27.5953778,-48.5480499
223,36.70251,-4.495245
1976,51.514195,-0.091352
2371,51.0336220274,13.7727355957
1512,42.7083323,21.05053
191,38.725299,-9.150036
540,32.4100026503,-110.995026704
2295,65.0126148,25.4714526
1572,45.070312,7.6868565
52,41.3876,2.18058
1899,41.3953124562,2.1733751893
1801,50.8881742,5.9794988
1509,42.6577982,21.1533456
2050,53.4308774242,-7.89312422276
836,17.494407,78.142009
1212,51.5219742067,-0.137195183716
701,41.1544432,-96.0422378
2185,43.8970929,-78.8657912
1118,39.6461048178,-104.989647975
1380,-34.6172813,-58.3749553
1340,55.8745221,-4.291661
2018,40.181848831,44.5149815083
1593,-21.258333,55.441667
1291,53.502644,-2.217126
492,39.99277,-82.80061
1438,60.0970945,19.9348339
2240,41.8925085,-87.6161696
2062,12.987716,77.572271
1176,46.0065117,8.9523121
1493,52.406822,-1.519693
556,44.9066241,-93.2322982
12,48.84676,2.41442
369,43.64152,7.009186
2306,39.9194316,116.4779215
1046,52.3796356,4.8475582
1484,48.0760172,11.5263495
1597,46.0062508794,8.96559439904
2512,59.5006139,26.5144401
706,45.5230575,-122.7952832
1979,55.916667,37.816667
111,41.38609,2.18168
97,41.413587,1.969043
2452,51.511433,-0.117513
147,49.894067,2.295753
2193,41.3938441,2.1725995
2170,-36.9536846,174.7811534
2286,-36.9536846,174.7811534
1809,52.3709288,4.8872063
1308,55.8745221,-4.291661
2378,39.623958,19.923456
2359,51.5217938,-0.1319805
146,45.741348,12.267466
150,40.59835,-3.71145
169,41.729283,1.822515
161,38.42234,-6.41289
1063,52.3540459,4.8758626
149,41.390091,2.177432
1673,48.2027879,16.3460305
1681,8.6,-71.15
1256,53.4574081408,-2.26437468716
1694,42.732535,-84.5555347
2477,37.3218778,126.8308848
969,51.5128018237,-0.339129438311
861,37.36883,-122.0363496
152,40.55168,-3.66091
180,41.37713,2.14182
1202,52.3702157,4.8951679
1517,42.645407,20.914266
1634,42.6751461,21.2792763
3692,51.430326,5.5046951
3189,-22.5662938,17.0751322
4041,41.4241529301,2.174218582
4006,41.400772,2.195176
2399,52.117848,1.186472
4265,41.396867,2.194351
3930,41.382487,2.158891
4173,39.1836082,-96.5716694
2493,40.6104,22.980852
3441,-23.3812195944,150.516042709
3191,-23.381416551,150.500850677
4286,41.4078966,2.1557761
4220,-21.2013772409,55.2835464478
3151,-22.5136372763,17.0327782631
3422,-7.1648126,-34.8307468
3722,29.8286566294,121.554721892
2615,39.996093,-105.02485
3908,41.5283172137,2.07161513157
3931,39.6236741,19.8980739
1693,34.447461,-119.716354
4218,-20.9661684208,55.3630256653
4042,41.4034309871,2.16708098095
4219,-20.883333,55.43333299
4216,-21.249411,55.470658
4021,41.4065411,2.1802615
3955,41.397726,2.158188
4122,-33.8924125,151.1473684
4105,-23.6541535,-70.3850438
4281,41.4016211,2.156609
2616,59.5157088937,24.8344016075
3343,51.509283,-0.081755
4051,51.2442544564,-0.590815544128
1614,51.1037564321,3.64053528122
3755,52.3695304007,4.86253648996
3658,42.8076178036,-8.64001750946
4204,51.4515505,5.4815678
4131,40.4564948,-105.0293579
4083,45.5154981,-73.6788068
4138,41.547034378,1.90428256989
4137,42.6559821,21.1695572
4193,-20.9224012133,55.5282926559
4152,51.2434552134,-0.591834783554
4197,41.4105483018,2.1460005641
4031,52.6655042537,-8.62321615219
4053,41.3806207,2.1285597
4054,41.379505,2.123578
4240,41.3824411,2.1594256
4058,41.37804,2.124158
4059,41.376358,2.12331
3626,52.2940711411,4.98724579811
3998,41.3819205,2.1358814
4011,41.350601,2.140931
3918,41.1528810411,-81.3542801142
3188,22.2943256,113.951707
4062,41.379449,2.125681
4055,41.377227,2.12184
4007,41.374867,2.16158
3665,51.4963939473,-0.0623881816864
3593,51.5239989,-0.1050561
3042,59.4424565,24.7774345
3902,41.4133041738,2.13986098766
4064,41.4134248663,2.14022576809
3965,41.417094,2.198492
3975,41.411294,2.138428
3973,41.414786,2.201186
4057,41.379731,2.125338
4012,41.423763,2.172726
4002,41.406312,2.152591
3979,41.3988358726,2.17007900278
3958,41.401533,2.156858
3962,41.413444,2.186253
3999,41.415608,2.186319
3997,41.3935,2.177844
4009,41.352729,2.14385
4061,41.379683,2.127215
4005,41.398527,2.194352
3978,41.3947108356,2.1534123458
4010,41.37538,2.158676
3972,41.422396,2.188936
3984,41.396111,2.153611
4000,41.4047426031,2.21305985575
3985,41.399832,2.15246
4056,41.377928,2.126282
3991,41.396033,2.119949
4013,41.402331,2.194705
3957,41.396953,2.158731
3976,41.4025129,2.137555
3994,41.42136,2.1879
3988,41.3913865,2.1435322
4003,41.411729,2.140843
3987,41.389803,2.167684
3959,41.390883,2.166330002
3964,41.37538,2.15643
3956,41.394363,2.162031
4060,41.37738,2.122806
3974,41.43026534,2.161188255
3995,41.3889389,2.163428068
3993,41.446451,2.200963
3992,41.385001,2.160458
3968,41.3959626863,2.1739842991
3967,41.3963490045,2.17378045122
3963,41.3973872231,2.17232132951
3982,41.3931135191,2.14508081476
3977,41.374835,2.16685
4283,41.4016211,2.156609
4267,41.4022134,2.1566487
